Patient_ID,mean radius,mean texture,mean perimeter,mean area,mean smoothness,mean compactness,mean concavity,mean concave points,mean symmetry,mean fractal dimension
1235,14.127291739894552,19.289648506151146,91.96903339191564,654.8891036906855,0.0963602811950791,0.1043409841827767,0.0887993158172232,0.0489191458699472,0.1811618629173989,0.0627976098418277
4000,14.127291739894552,19.289648506151142,91.96903339191564,654.8891036906855,0.0963602811950791,0.3000000000000000,0.0887993158172232,0.04891914586994728,0.18116186291739894,0.06279760984182776
4010,13.876543210987654,18.765432109876543,88.54321098765432,620.1234567890123,0.0923456789012345,0.1209876543210987,0.0801234567890123,0.0465432109876543,0.1789012345678901,0.0612345678901234
4020,15.234567890123456,20.456789012345678,95.67890123456789,700.9876543210987,0.0987654321098765,0.1354321098765432,0.0956789012345678,0.0509876543210987,0.1854321098765432,0.0634567890123456
4030,14.765432109876543,19.876543210987654,93.45678901234567,680.5432109876543,0.0945678901234567,0.1101234567890123,0.0854321098765432,0.0498765432109876,0.1823456789012345,0.0620987654321098
4040,13.543210987654321,18.234567890123456,87.23456789012345,610.4567890123456,0.0912345678901234,0.1009876543210987,0.0789012345678901,0.0454321098765432,0.1776543210987654,0.0609876543210987
4050,15.678901234567890,20.987654321098765,97.12345678901234,720.2345678901234,0.0998765432109876,0.1401234567890123,0.0987654321098765,0.0523456789012345,0.1867890123456789,0.0645678901234567